{
  "room_width": 3.5538053371879803,
  "room_depth": 4.554015467700143,
  "room_height": 2.9110650172793395,
  "cam_x_ratio": 0.22592826293830054,
  "cam_y_ratio": 0.23516642798613635,
  "cam_z_ratio": 0.6528810629350654,
  "target_x_ratio": 0.5924611695962172,
  "target_y_ratio": 0.574714914126048,
  "target_z_ratio": 0.4275098584414323,
  "fov": 60,
  "bg_strength": 0.9692084385980051,
  "light_energy": 327
}